-- --------------------------------------------------------
-- Máy chủ:                      127.0.0.1
-- Server version:               8.0.30 - MySQL Community Server - GPL
-- Server OS:                    Win64
-- HeidiSQL Phiên bản:           12.1.0.6537
-- --------------------------------------------------------

/*!40101 SET @OLD_CHARACTER_SET_CLIENT=@@CHARACTER_SET_CLIENT */;
/*!40101 SET NAMES utf8 */;
/*!50503 SET NAMES utf8mb4 */;
/*!40103 SET @OLD_TIME_ZONE=@@TIME_ZONE */;
/*!40103 SET TIME_ZONE='+00:00' */;
/*!40014 SET @OLD_FOREIGN_KEY_CHECKS=@@FOREIGN_KEY_CHECKS, FOREIGN_KEY_CHECKS=0 */;
/*!40101 SET @OLD_SQL_MODE=@@SQL_MODE, SQL_MODE='NO_AUTO_VALUE_ON_ZERO' */;
/*!40111 SET @OLD_SQL_NOTES=@@SQL_NOTES, SQL_NOTES=0 */;


-- Dumping database structure for porum
CREATE DATABASE IF NOT EXISTS `porum` /*!40100 DEFAULT CHARACTER SET utf8mb4 COLLATE utf8mb4_0900_ai_ci */ /*!80016 DEFAULT ENCRYPTION='N' */;
USE `porum`;

-- Dumping structure for table porum.tbl_category
CREATE TABLE IF NOT EXISTS `tbl_category` (
  `categoryid` int NOT NULL AUTO_INCREMENT,
  `categoryname` varchar(500) DEFAULT NULL,
  PRIMARY KEY (`categoryid`)
) ENGINE=InnoDB AUTO_INCREMENT=14 DEFAULT CHARSET=utf8mb4 COLLATE=utf8mb4_0900_ai_ci;

-- Dumping data for table porum.tbl_category: ~13 rows (approximately)
INSERT INTO `tbl_category` (`categoryid`, `categoryname`) VALUES
	(1, 'Văn Hoá'),
	(2, 'Thể Dục'),
	(3, 'Cuộc Sống'),
	(4, 'Thể Thao'),
	(5, 'Cách Điệu'),
	(6, 'Khoa Học'),
	(7, 'Công Nghệ'),
	(8, 'Thực Phậm'),
	(9, 'Học Tập'),
	(10, 'Quan Điểm'),
	(11, 'Bình Phẩm'),
	(12, 'Ý Tế'),
	(13, 'Tin Tức');

-- Dumping structure for table porum.tbl_comment
CREATE TABLE IF NOT EXISTS `tbl_comment` (
  `commentid` int NOT NULL AUTO_INCREMENT,
  `username` varchar(50) DEFAULT NULL,
  `postid` int DEFAULT NULL,
  `commenttext` text,
  `createddate` datetime DEFAULT NULL,
  PRIMARY KEY (`commentid`)
) ENGINE=InnoDB AUTO_INCREMENT=16 DEFAULT CHARSET=utf8mb4 COLLATE=utf8mb4_0900_ai_ci;

-- Dumping data for table porum.tbl_comment: ~15 rows (approximately)
INSERT INTO `tbl_comment` (`commentid`, `username`, `postid`, `commenttext`, `createddate`) VALUES
	(1, 'deptraiqua', 1, 'Bai viets qua hay', '2023-10-09 12:22:03'),
	(2, 'deptraiqua', 1, 'Comment lai nek', '2023-10-09 12:22:27'),
	(3, 'ngocdungahehe', 1, 'dc lam heheh', '2023-10-09 06:14:43'),
	(4, 'ngocdungahehe', 1, 'heelo', '2023-10-09 06:19:37'),
	(5, 'ngocdungahehe', 1, 'heelo', '2023-10-09 06:20:23'),
	(6, 'ngocdungahehe', 1, 'ngu lam', '2023-10-09 06:20:31'),
	(7, 'ngocdungahehe', 1, 'ngu lam', '2023-10-09 06:20:43'),
	(8, 'ngocdungahehe', 1, 'adu hay vai', '2023-10-09 06:20:54'),
	(9, 'ngocdungahehe', 1, 'adu hay vai', '2023-10-09 06:22:02'),
	(10, 'ngocdungahehe', 1, 'xam qua', '2023-10-09 06:22:11'),
	(11, 'ngocdungahehe', 1, 'thu lan nua xem', '2023-10-09 06:22:21'),
	(12, 'ngocdungahehe', 3, 'Bài viết hya nhất từng nghe', '2023-10-09 06:22:59'),
	(13, 'ngocdungahehe', 3, 'hơi xàm nhưng ok đấy', '2023-10-09 06:24:22'),
	(14, 'ngocdungahehe', 36, 'quá đẹp trai', '2023-10-09 07:52:48'),
	(15, 'ngocdungahehe', 34, 'da co mat o day', '2023-10-09 13:15:35');

-- Dumping structure for table porum.tbl_menu
CREATE TABLE IF NOT EXISTS `tbl_menu` (
  `menuid` int NOT NULL AUTO_INCREMENT,
  `menuname` varchar(500) CHARACTER SET utf8mb4 COLLATE utf8mb4_0900_ai_ci DEFAULT NULL,
  `parentid` int DEFAULT '0',
  `link` varchar(500) CHARACTER SET utf8mb4 COLLATE utf8mb4_0900_ai_ci DEFAULT NULL,
  `position` int DEFAULT '0',
  PRIMARY KEY (`menuid`)
) ENGINE=InnoDB AUTO_INCREMENT=8 DEFAULT CHARSET=utf8mb4 COLLATE=utf8mb4_0900_ai_ci;

-- Dumping data for table porum.tbl_menu: ~5 rows (approximately)
INSERT INTO `tbl_menu` (`menuid`, `menuname`, `parentid`, `link`, `position`) VALUES
	(1, 'Trang Chủ', 0, NULL, 0),
	(2, 'Thông Tin', 0, NULL, 0),
	(3, 'Viết Bài', 0, '/DoAnTTCN/post/createpost.php', 0),
	(4, 'Liên Hệ', 0, NULL, 0),
	(5, 'ví dụ', 0, 'bàkabskj', 0);

-- Dumping structure for table porum.tbl_post
CREATE TABLE IF NOT EXISTS `tbl_post` (
  `postid` int NOT NULL AUTO_INCREMENT,
  `title` varchar(500) DEFAULT NULL,
  `asbtract` varchar(500) DEFAULT NULL,
  `thumnail` varchar(500) DEFAULT NULL,
  `content` text CHARACTER SET utf8mb4 COLLATE utf8mb4_0900_ai_ci,
  `categoryid` int DEFAULT NULL,
  `createddate` date DEFAULT NULL,
  `username` varchar(50) DEFAULT NULL,
  `duyet` bit(1) DEFAULT NULL,
  PRIMARY KEY (`postid`),
  KEY `FK_tbl_post_tbl_category` (`categoryid`),
  CONSTRAINT `FK_tbl_post_tbl_category` FOREIGN KEY (`categoryid`) REFERENCES `tbl_category` (`categoryid`)
) ENGINE=InnoDB AUTO_INCREMENT=49 DEFAULT CHARSET=utf8mb4 COLLATE=utf8mb4_0900_ai_ci;

-- Dumping data for table porum.tbl_post: ~10 rows (approximately)
INSERT INTO `tbl_post` (`postid`, `title`, `asbtract`, `thumnail`, `content`, `categoryid`, `createddate`, `username`, `duyet`) VALUES
	(1, 'Những kẻ lạc loài - Chuyện Con Mèo Dạy Hải Âu Bay (Luis Sepúlveda)', '“Đây là những kẻ điên rồ, lạc lõng, phản kháng, đầy rắc rối, những cái chốt tròn trong những cái lỗ vuông… những người có cách nhìn khác biệt...', '/DoAnTTCN/admin/uploads/48Outfit của Alistar Đại Đế.png', 'Đây là câu chuyện của một con mèo mun, to đùng, mập ú của bến cảng Hamburg. Chuyện một con mèo khác biệt nhận nuôi một quả trứng hải âu và hành trình chỉ dạy con chim nhỏ tập bay. Một bài học quý giá về lời hứa, về sự chấp nhận, về tình yêu và về “những kẻ lạc loài”.  \r\nimg_0\r\nĐôi nét về tác giả\r\nLuis Sepúlveda là nhà văn, tác giả những tập thơ và truyện ngắn, nhà báo, đạo diễn và là nhà cách mạng nổi tiếng người Chile. \r\nVào cuối thập niên 1980, Sepúlveda chinh phục giới văn học với tiểu thuyết đầu tay: “Lão già mê đọc truyện tình” - một câu chuyện kể về cuộc sống trước bao biến động bên dòng Amazon kỳ vĩ. Bắt đầu từ đó, sự nghiệp sáng tác ông phát triển không ngừng với nhiều tác phẩm giá trị, tiêu biểu có thể kể đến như “Hoa hồng sa mạc”, “Thế giới ở nơi tận cùng thế giới”,... hay quen thuộc nhất với độc giả Việt có lẽ là “Chuyện con mèo dạy hải âu bay”, tác phẩm dành cho thiếu nhi đầu tiên của ông. \r\nVới những câu chuyện thú vị và đầy ý nghĩa cho cả người lớn và trẻ nhỏ, Luis Sepúlveda được mệnh danh là người nghệ sĩ viết ngụ ngôn hiện đại.\r\nCác tác phẩm của ông thường miêu tả cuộc sống đời thường với văn phong trong sáng, giản dị, hóm hỉnh và hài hước đầy tinh tế với những chiêm nghiệm sâu sắc. Có lẽ những năm tháng tuổi trẻ từng ngồi tù vì đấu tranh cách mạng, rong ruổi khắp Châu Âu đến tận Mỹ Latinh vì những hoạt động xã hội đã cho ông những trải nghiệm, kinh nghiệm quý báu. Là những cảm hứng và đề tài trong nhiều tác phẩm nổi tiếng nhất của ông, như vấn đề môi trường ở Patagonia được đưa vào trong “Chuyện con mèo dạy hải âu bay”.\r\nĐầu năm 2020, ông mắc COVID-19 và không may qua đời, kết thúc hành trình cống hiến không biết mệt mỏi của một con người vì nghệ thuật, vì xã hội và vì cuộc đời. \r\n Luis Sepúlveda\r\n Luis Sepúlveda\r\nVề cuốn sách\r\n“ Một cuốn sách thực sự hay nên đọc trong tuổi trẻ, rồi đọc lại khi đã trưởng thành, và một nửa lúc tuổi già, giống như một tòa nhà đẹp nên được chiêm ngưỡng trong ánh bình minh, nắng trưa và ánh trăng.” - Robertson Davies\r\n“Chuyện con mèo dạy hải âu bay” không chỉ là một cuốn sách của thiếu nhi, Luis Sepúlveda viết ra câu chuyện này với bề ngoài là “trẻ nhỏ”, ẩn sau đó là lời gửi gắm cho “người lớn” và những bài học dành cho “tất cả mọi người”. \r\nBài viết này đề cập đến một hình ảnh mà mình nghĩ là giá trị cốt lõi của tác phẩm, đó sự “khác biệt” trong hai nhân vật chính của truyện, chú mèo Zorba và hải âu Lucky. Một con mèo mun trên hành trình nhận nuôi một quả trứng và chú chim hải âu nhỏ nghĩ mình là một con mèo. \r\nCâu chuyện bắt đầu khi Kengah - một cô hải âu trên hành trình vượt biển cùng đàn đến vịnh Biscay để đẻ trứng, đã vô tình dính vào lớp váng dầu từ hành động vô trách nhiệm của con người, thứ mà loài hải âu coi là “tử thần đen”. Biết mình không thể qua khỏi, bằng chút sức lực cuối cùng, Kengah đã cố gắng bay vào cảng Hamburg và rơi xuống ban công của con mèo mun to đùng, mập ú tên Zorba. Và trong giây phút cuối đời mình, cô hải âu đã sinh ra quả trứng và cầu xin Zorba giúp đỡ với ba lời hứa danh dự: “Không ăn quả trứng”, “Chăm lo cho quả trứng đến khi con chim non ra đời”, và điều cuối cùng, cũng là khó khăn nhất: “Dạy nó bay”. Thế là câu chuyện của Zorba đã kéo bầy mèo của Hamburg vào hành trình dạy một con chim nhỏ tập bay, nơi chúng ta học được những bài học vô cùng quý giá. Có đủ những khó khăn, thử thách, có tình yêu, sự thấu hiểu, cả cảm thông. Và sau cùng, con mèo khác biệt, đen đủi, rắc rối nhất của đàn lại là con mèo tử tế, dũng cảm, cao quý nhất, một con mèo của bến cảng, con mèo của Hamburg.\r\nNhững kẻ khác biệt và lạc loài\r\n“Chỉ có một điều ở con có thể gây ra rắc rối. Trông các anh chị em của con đi, con trai. Con thấy tất cả chúng nó đều lông xám rồi chứ? Và lông của chúng đều có vằn như da hổ. Còn con, ngược lại, khi sinh ra đã đen từ đầu tới chân, chỉ trừ túm lông trắng dưới cằm. Có những người còn tin là mèo đen mang tới điềm xấu. Vì vậy, con trai, mẹ không muốn con ra khỏi giỏ.” \r\nSinh ra là một cá thể khác biệt hoàn toàn so với đàn, Zorba trở thành nỗi lo lắng, một “điềm xấu” và rằng nó không nên ra khỏi cái giỏ vì nó quá khác biệt. Nhưng đâu có như anh chị em của mình, Zorba có niềm khao khát khám phá thế giới xung quanh, một đứa con không chịu nghe lời. Và cũng chính sự khác biệt ấy đã suýt giết chết nó nếu không có sự giúp đỡ của cậu nhóc mà sau này Zorba gọi là bạn. \r\nĐể rồi khi nhận trách nhiệm nuôi dưỡng quả trứng, điều thật phi lý đối với một con mèo, Zorba lại lần nữa đối diện với sự khác biệt của bản thân mình. \r\n“Nó thấy thật kỳ cục. Nó nghĩ tới chuyện mình sẽ bị chọc ghẹo ra sao nếu hai con mèo vô lại vừa chạm mặt lúc sáng trông thấy nó lúc này.”\r\nLuis Sepúlveda đã xây dựng hình tượng Zorba là một con mèo luôn có thứ gì đó khác lạ so với những sự thông thường, từ lúc sinh ra cho đến khi vô tình phải đảm nhận một trọng trách to lớn. Và với những người bình thường, những kẻ như Zorba cũng giống như con “cừu đen - Black Sheep”, những cá nhân bị cho là bất tuân và dị biệt với số đông. Những con cừu đen từ xưa đã bị coi là không có giá trị vì lông không thể nhuộm màu mà chỉ có thể bị làm thịt, như những người bị gắn cái mác này cũng thường được xem là không có ích cho gia đình và xã hội.', 11, '2023-10-02', 'ngocdungahehe1', b'1'),
	(2, 'Chúng ta không cần yêu đến thế...', 'Đây không phải là nhận định của một đứa cuồng lý trí và phủ nhận tình yêu, mà ngược lại. Mình cần tình yêu hơn bao giờ hết, nhưng cũng...', '/DoAnTTCN/admin/uploads/83d.jpg', 'Đây không phải là nhận định của một đứa cuồng lý trí và phủ nhận tình yêu, mà ngược lại. Mình cần tình yêu hơn bao giờ hết, nhưng cũng chính vì vậy, mình càng muốn bản thân và những người xung quanh phải tỉnh táo hơn khi nói về yêu, yêu thương, yêu đương. \r\nChúng ta không cần yêu đến thế, tại sao? \r\nVì chúng mình cần được thấu hiểu nhiều hơn. Có thể, đã có nhiều bạn đọc qua câu này của Thiền sư Thích Nhất Hạnh, rằng, \r\nThấu hiểu là tên gọi khác của yêu thương. Nếu bạn không thể thấu hiểu, thì bạn chẳng thể yêu thương. \r\nNhưng, để hiểu sâu sắc và ghi nhớ nó trong mỗi cuộc tình thì không phải ai cũng làm được. Mình cũng từng là người như vậy, cứ tưởng bản thân đã đọc và hiểu rồi, nhưng rồi đó cũng chỉ là một cơn lú của nhận thức. Cho đến khi, người yêu cũ khiến mình nhận ra điều đó. Gọi người đó là anh P. Mình còn đang dự tính 20/11 thì mình có nên chúc anh P không, dù sao cũng là "người thầy ngoài dự tính" cho mình. :) \r\nOmg, this pic matched my mind. \r\nOmg, this pic matched my mind.  | Ảnh bởiEtienne BoulangertrênUnsplash\r\nMình gián tiếp mở lời yêu với anh khá sớm, vì lúc đó bản tính mình long nhong, ham vui mà ai ngờ anh ngỏ lời yêu thật lòng (mãi đến sau này thì mình mới nhận ra điều ấy), mặc dù khung cảnh lóng ngóng lắm. Đến bây giờ mình vẫn không tin được rằng, mình nhớ rõ gần như mọi chi tiết trong buổi tối tâm sự hôm đó. \r\nAnh ấy nói với mình thật nhiều về gia cảnh của anh, về những người trong gia đình mà anh yêu quý, mong muốn đưa mình đi gặp họ. Anh dắt tay mình đi qua những con đường mà anh đi qua gần 30 năm, kể cho mình từng câu chuyện nhỏ, như mẹ anh đã từng gặt qua năm tháng thửa ruộng này, nhà họ hàng của anh ở đây, bla bla. Anh nắm tay mình, nói với mình về những ước mơ thời còn trẻ, về công việc, lương bổng và dự định hiện tại của anh cùng với đó là những nỗi lo lắng, sợ hãi và sự phân vân của anh. Trời lúc đó rất lạnh, gió thấu xương, nhưng anh nắm tay mình rất chặt, một phần vì muốn sưởi ấm, chín phần còn lại là vì bất an chăng? \r\nNói về phản ứng của mình, mình hoàn toàn không quá để tâm. Vì mình đang chìm trong tình yêu mà ^^, hơn nữa, mình không hề dùng tâm thái nghiêm túc tìm hiểu anh trong cuộc tình này. Theo ngôn ngữ của bạn bè mình, mình chỉ thích anh P vì mình thanks for having him là đủ. Nên, phản ứng của mình khá thờ ơ và hơi... ngây ngô. Dù vậy, mình cảm nhận rằng đối với anh ấy, như thế là quá đủ. Lạ nhỉ? Mình chỉ im lặng, ngồi bên cạnh và nhìn anh chăm chú, lắng nghe những gì anh kể, không phán xét. Lâu lâu buồn buồn thì mình sẽ chêm một câu cảm thán gì đó. Mình hiểu rằng, anh đang cần động lực để hiện thực tất cả những điều đó. Trong mắt mình, anh P rất giỏi, anh ấy hoàn toàn có năng lực làm tốt, thậm chí là excellent những việc ấy, chỉ là,... Anh ấy lo ngại vì đang bước đến đầu 3 sao? \r\nĐối với mình, tuổi tác sinh ra là để bản thân mình điều khiển. Nếu mình muốn làm đứa trẻ lên 3, mình vẫn sẽ khóc to khi ấm ức, khi đói bụng hoặc không vừa ý. Nếu mình muốn sâu sắc như cụ già 80 thì ai cũng không ngăn cản được. Và nếu mình muốn đam mê học hỏi như tuổi 19-20, thì quá tuyệt vời! Để chính mình quyết định số tuổi mà bản thân muốn trở thành. \r\nChính vì vậy, mình động viên và cổ vũ anh thật nhiều, mong rằng anh sẽ "bị" ảnh hưởng bởi năng lượng tích cực của mình để thực hiện những gì mà anh đang mong muốn. Và, mình tin rằng, ở thời điểm ấy, đó là tất cả những gì anh cần. \r\nĐó là phần ấn tượng nhất đối với mình, còn lại thì nó khá là ba chấm. Cái kết cuối cùng là anh P vẫn đang xây ước mơ của anh ấy, còn mình đang sống tốt cuộc sống của mình. Và, đương nhiên là cuộc sống hai đứa chẳng liên quan đến nhau nữa. Nhưng chẳng hiểu sao, tụi mình vẫn theo dõi từng diễn biến của nhau...trên MXH và qua gia đình. (Anh P là hàng xóm của nhà mình :)) Ba chấm thật đấy. \r\nAnh P dạy cho mình "hiểu nhau" như nào? \r\nMình cá chắc rằng anh P chẳng yêu mình như cách anh ấy nói với mình đâu, và maybe mình cũng thế. :) Nhưng, anh ấy trân trọng những gì mình cho anh ấy vào thời điểm mà anh ấy cần nhất. \r\nSau cuộc tình ấy, mình phân tích anh P như cách thầy mình giải case-study vậy. :) Anh ấy input cho mình tất cả những thông tin về anh ấy, thậm chí ban đầu khiến mình hơi có ác cảm vì anh P hơi flex quá đà lúc ban đầu. Nhưng tất cả đó chỉ là sự thật về anh thôi, anh nói để mình hiểu hơn về anh. Kể cả những nỗi lo và bất an cũng vậy. Để mình hiểu và thật may là mình đã nhắm trúng insights, cho anh những gì anh ấy cần. \r\nMình thấy được niềm vui và sự trân trọng của anh. Khi anh gọi mình bằng những tên gọi cực kỳ lãng mạn và âu yếm mình, kiên nhẫn và chủ động lại hơn bao giờ hết (phái nam nma có nhiều chút tính nữ =))) Và nhiều điều khác. Mình thấy may mắn vì lúc đó mình hiểu được ý nghĩa phía sau từ những cử chỉ và hành động của anh. Thực ra, cũng may mắn vì anh và mình khá hợp gu khi trò chuyện, maybe quan điểm và thế giới quan giống nhau. Tất tần tật gộp lại khiến mình biết rằng, anh quý trọng sự thấu hiểu lẫn nhau hơn là tình cảm tụi mình có sâu sắc hay không. Và lúc đó, mình lại chẳng nghĩ như thế. \r\nSau đó, chúng mình chia tay vì mình thấy rằng định hướng tương lai của cả hai không giống nhau. Khá bất công khi mình chỉ im lặng về lý do chia tay, còn anh dường như đang mong chờ một lời giải thích từ mình. Lúc đó, chắc anh nghĩ rằng anh đã không hiểu được mình, thực sự. Mình thì không cần điều đó, mình cần một người có thể ở gần, đồng hành với mình trên con đường của mình. Và người phù hợp nhất, chỉ có thể là đại gia thôi =)) vì người ta rảnh rỗi, có thể ở cùng mình 25 tiếng luôn. \r\nMột năm 2022 trôi qua, mình nghĩ lại thì vẫn cảm thán thật nhiều. Mình có quá nhiều quyết định khác biệt, thậm chí đến những người bạn "thân cận" cũng không hiểu được lý do đằng sau. Tụi mình đã gần như xa cách nhau trong thời gian... dài vì cần thời gian để chấp nhận đối phương là một phiên bản mới. Đó là lúc tiếng chuông giác ngộ đầu tiên gõ lên trong đầu mình. ', 2, '2023-10-02', 'ngocdungahehe1', b'1'),
	(3, 'KIÊU NGẠO - Tác phẩm của tội đồ lớn nhất | SAMURICE', 'Tại sao thế giới lại đầy hỗn loạn? Tại sao ngoài kia lại đầy tội ác đang diễn ra mỗi ngày? Phải chăng đây là hình phạt dành cho nhân...', '/DoAnTTCN/admin/uploads/48Outfit của Alistar Đại Đế.png', 'Tại sao thế giới lại đầy hỗn loạn? Tại sao ngoài kia lại đầy tội ác đang diễn ra mỗi ngày? Phải chăng đây là hình phạt dành cho nhân loại vì những gì cũng ta đã làm? Hay vì chính chúng ta là những kẻ có bản tính của sự hủy diệt? Hay vì đây là ảnh hưởng từ một thế lực nào đó? \r\nNếu chúng ta có suy nghĩ và tự làm chủ hành động của mình, vậy định mệnh có thật không? Và nếu định mệnh có thật thì tự do ý chí có tồn tại không? \r\nimg_0\r\nCó lẽ câu trả lời sẽ nằm trong câu chuyện về kẻ mang đại tội lớn nhất cùng câu chuyện về tội đồ đầu tiên. \r\nHEYLEL\r\nCùng với sự ra đời của thế giới, thiên đàng và các thiên sứ đã tồn tại. Đây là những kẻ hùng mạnh, được Chúa tạo ra với những quyền năng và tạo hình hoàn mỹ. Họ có những cái tên khác nhau và có những câu chuyện của riêng mình. Và một trong số đó là Heylel. \r\nHeylel là một kiệt tác của Chúa, ngài hoàn hảo ở mọi mặt, từ vẻ ngoài cho tới trí tuệ và ngài đã hoàn hảo từ khi được ra đời. \r\nTuy nhiên, sự hoàn hảo đó có lẽ lại là một điểm yếu. Có điều gì đó đã nung nấu trong lòng Heylel, một thứ không theo những gì Chúa đã ban cho. \r\nToàn mỹ là như vậy, Heylel tự hỏi liệu mình có phải là kẻ thấp hèn không. Nếu bản thân đã hoàn mỹ thì sao lại thấp hèn. Và nếu không thấp hèn thì tại sao phải cúi đầu trước kẻ khác? Từ đó, Heylel dần nhận ra rằng bản thân có thể xứng ngang hoặc thậm chí còn cao hơn cả Chúa. \r\nBên cạnh đó, khi nhìn vào vạn vật, những tạo hóa của Chúa, chúng đều được sinh ra với ý nghĩa, ý định riêng, nói cách khác chúng nằm trong kế hoạch của Chúa. Nếu bản thân Heylel là sinh vật hoàn hảo thì tại sao nó lại là một phần trong kế hoạch của ngài? Đường đường là một thiên thần, thậm chí còn là Tổng Lãnh Thiên Thần, tại sao Heylel lại không có con đường riêng?\r\nTự cho mình là kẻ duy nhất hoàn hảo, có quyền lực tối cao và có ý chí tự do, Heylel kêu gọi các thiên thần hay những tinh tú khác quanh mình để chống lại đấng tạo hóa. Cuộc nổi dậy này đã tụ họp được một phần ba các thiên thần trên thiên thế và từ đó cuộc chiến giữa các thiên thần đã nổ ra. \r\nĐại chiến thiên thần\r\nRevelation 12:4: “hắn đã tụ họp phần ba các tinh tú và ném chúng xuống Trái Đất”.\r\nNhững kẻ phản Chúa theo chân Heylel tiến lên, chống lại toàn bộ những gì mà hắn từng đại diện. Về phía những thiên thần vẫn bảo vệ những giá trị thánh thiện Chúa đã ban cho, Micheal, Gabriel, Raphael, Uriel và nhiều thiên thần khác đã tổng tấn công thế lực của Heylel. \r\nCuộc chiến giữa các thiên thần diễn ra vô cùng khốc liệt. Tuy là tổng lãnh thiên thần, Heylel cũng không phải là đối thủ quá đáng gờm của những tổng lãnh thiên thần khác. Nhận ra mình không đủ sức chống lại Micheal, vị tổng lãnh thiên thần quyền năng phe đối địch, Heylel đã hóa thân thành một con quái thú khổng lồ, một con rồng. \r\nTrong hình thái mới, Heylel có tiềm năng thắng cuộc nhưng vẫn không thể chống lại được sức mạnh thần thánh của Micheal. Cuối cùng, toán quân phản loạn của Heylel và những kẻ theo chân hắn đều bị trừng phạt. Tất cả đều bị đuổi khỏi thiên đàng, bị đày xuống đất và bị giam cầm trong một thế giới riêng. \r\nMang trên mình cái tên của kẻ sáng nhất, tuyệt đẹp nhất, Heylel còn hay được gọi bằng cái tên thuần Latin hơn là Lucifer, có nghĩa là kẻ mang ánh sáng. Đây là câu chuyện về hành trình của một kẻ được tạo ra với sự hoàn mỹ nhưng tự đắm mình vào sự kiêu ngạo. Sau cùng, chính hắn đã chuốc vào bản thân sự thất bại. \r\nNhiều ghi chép cho rằng sau cuộc chiến đó, Heylel hay Lucifer đã trở thành Satan, một thiên thần sa ngã hoặc trở thành kẻ trị vì địa ngục, nơi hắn bị giam cầm. Nhưng bên cạnh đó, cũng có những câu chuyện kể rằng đây không phải là cái kết cho kẻ phản Chúa. \r\n\r\nChuyện Adam và Eve\r\nSau khi tạo ra thế giới, Chúa đã thổi hồn cho sinh vật mới trong hình hài của ngài, đó là những con người đầu tiên, Adam và Eve. Hai người được Chúa dặn dò cẩn thận khi sống trong khu vườn địa đàng của ngài. Chúng được ăn hoa quả trong khu vườn nhưng cấm không được ăn trái của cây tri thức về thiện và ác. Theo lời chúa, cái chết là phần thưởng chắc chắn sẽ đến dành cho kẻ ăn trái cây này. Nghe lời Chúa, hai con người không dám động vào trái cấm đó. \r\nTuy nhiên, trong vườn Địa Đàng có loài quỷ quyệt mang tên Rắn. Nó đến và huyễn hoặc người phụ nữ, khiến cô hoang mang về lời dặn của Chúa mà ăn trái cấm. Sau đó, đến cả người đàn ông cũng đã ăn trái cấm và cả hai cùng có những nhận thức mới về bản thân cùng vạn vật quanh mình. Tuy nhiên, lời Chúa dặn chớ có sai, hai người đã không nghe lời ngài nên đã phải chịu những hình phạt khắt khe, làm cả nhân loại phải gánh cùng. \r\nAdam và Eve bị trục xuất khỏi vườn địa đàng của Chúa và phải sống trên Trái Đất, tìm cái ăn, cái mặc hàng ngày và số phận lúc nào cũng dẫn tới cái chết. Trong khi đó con rắn thì bị Chúa nguyền cho bò bằng bụng, cho ăn bụi đất và bị dẫm đạp cả đời. \r\nAdam và Eve là những tội đồ đầu tiên, là khởi đầu cho những đại tội về sau. Tuy nhiên mọi thứ không thể xảy ra nếu con rắn không tới và huyễn hoặc nhân loại. Vì lý do này nhiều học giả cho rằng con rắn chính là Lucifer biến thành hoặc ít nhất nó là tay sai của Lucifer. Vì Lucifer biết nhân loại có ý nghĩa thế nào với Chúa và hắn muốn làm hỏng mọi thứ tốt đẹp mà Chúa tạo ra để phản lại ông. \r\nViệc Lucifer có phải là con rắn hay không vẫn còn đang nằm trong tranh luận của các học giả. Tuy nhiên ta có thể rút ra vài điều thông qua câu chuyện của Lucifer và của tội đồ đầu tiên. \r\n', 3, '2023-10-02', 'ngocdungahehe1', b'1'),
	(4, 'Toxic love - Tình yêu độc hại phiên bản Tiktok 2023.', 'Một bài viết về tình yêu độc hại thời hiện đại', '/DoAnTTCN/admin/uploads/83d.jpg', 'Vào thời gian tôi viết bài viết này, tình yêu độc hại đã phát triển tinh vi hơn những cái chúng ta vẫn thường nghĩ so với một tình yêu độc hại của những năm trước. Sự khác biệt là ở chỗ nếu như trước đây tình yêu độc hại biểu hiện rất rõ ràng như một mối quan hệ một chiều, một sự bạo lực thể xác hoặc tinh thần, một sự thao túng tâm lý, một sự kiểm soát thái quá, một sự vô tâm thờ ơ có cũng như không,… thì hiện nay tình yêu độc hại mang một vẻ ngoài bảnh bao hơn và ngọt ngào hơn. Nó có thể ngược lại hoàn toàn so với định kiến của chúng ta về một tình yêu độc hại, đó có thể lại xảy ra trong chính những cặp đôi nổi tiếng mà các bạn thần tượng trên mạng xã hội Tiktok, Instagram, Facebook, Youtube,…\r\nimg_0\r\nSẽ khá là khó tin nếu tôi nói với bạn rằng, chính những người hay nói về một mối quan hệ độc hại trên mạng mới là những người tạo ra sự độc hại trong tình yêu của thời đại này. Những người trông rất hạnh phúc trên mạng mới chính là người đem lại sự toxic cho tình yêu của bạn. \r\nSự tinh vi của toxic love thời hiện đại\r\nTôi lấy một ví dụ kinh điển vào tròn 10 năm trước như thế này. Vào năm 2013, khi Yanbi đang là một cái tên nam rapper vẫn còn rất hot với siêu phẩm Thu cuối vào mùa thu năm 2012, thì bỗng nhiên xảy ra một cái phốt lớn: anh ta đánh người yêu nổi tiếng ( Andrea) của mình ngay trên phố đi bộ. Vào 10 năm trước thì chúng ta biết ngay như thế là một mối quan hệ độc hại. Chấm hết không có nhưng. Đánh người khác đã là độc hại rồi chứ chưa nói là đánh phụ nữ hoặc là đánh người yêu của mình. Đây lại còn đánh ngang nhiên giữa phố. Đây quả thật đích thực là một mối quan hệ độc hại không cần bàn cãi. Ở thời điểm ấy tình yêu độc hại được nhận biết một cách dễ dàng và rõ ràng. \r\nVào 10 năm sau thì chúng ta ít thấy cái cảnh giã nhau ngang nhiên giữa thanh thiên bạch nhật của người nổi tiếng như vậy nữa. Một phần bởi vì bây giờ phương tiện truyền thông phát triển, ai cũng có smart phone, con người ta dễ lan truyền tin tức hơn và sự nghiệp của người nổi tiếng vì vậy có thể bay màu trong phút chốc. Mỗi một nghệ sĩ lớn đều có ekip truyền thông chuyên nghiệp đằng sau xây dựng hình tượng, họ và ekip phải đổ một đống tiền và một đống thời gian để xây dựng hình tượng, chẳng thằng ất ơ nào lại ném tiền qua cửa sổ bằng cách đi đánh đập phụ nữ công khai như 10 năm trước cả. Vì tất cả sự nghiệp có thể tan thành mây khói hết. Tôi gọi cách truyền thông tin và xây dựng hình tượng hoàn hảo như thế là một kiểu cưỡng bức thông tin.\r\nChính những cái truyền thông cưỡng bức thông tin, xây dựng hình tượng hoàn hảo như vậy khiến cho đại chúng có một cái nhìn vô cùng sai lệch về tình yêu đích thực. Sau đó mọi chuyện vỡ lở ra chúng ta mới thấy tất cả chỉ là một vở kịch kì tài mà người nổi tiếng gây dựng lên vì mục đích tài chính, nổi tiếng. \r\nĐiển hình như vụ scandal lộ tin nhắn gạ gẫm gái trẻ của Anh Tú trong khi vừa lấy vợ không lâu với Diệu Nhi tháng 8/2023. Khi mà đám cưới của Diệu Nhi rất phông bạt với nhiều khách mời nổi tiếng, khóc lóc có, chúc phúc có, tốn kém có, sáng tác cả một MV có luôn. Nhưng vụ lộ thông tin ra như vậy khiến cho ta đặt một câu hỏi lớn, đám cưới này liệu có chăng cũng chỉ là một sản phẩm truyền thông với mục đích không phải là tình yêu. Và người bị lừa lớn nhất không phải là Diệu Nhi mà chính là chúng ta những độc giả cả tin, tin vào một thứ tình yêu xa xỉ màu nhiệm mà báo chí và mạng xã hội tô đắp lên mỗi ngày. \r\nKhoan nói về tính chính xác của scandal trên, thì chúng ta phải thừa nhận một sự thật rằng luôn có hai mặt của cuộc sống. Kẻ lắm tài thì thường nhiều tật. Kẻ đào hoa thì thường nhiều ong bướm. Bad thì không good mà good thì không fun. Kẻ trông an toàn thì thường nhạt nhẽo... Nhưng mạng xã hội lại đang cố gắng tạo ra những hình mẫu một con người với hai thứ tốt xấu tách biệt nhau ra. Họ tạo ra những red flag, những định danh như bad boy, fuck boy, trap boy, trap girl, good girl, food girl,... Sau đó họ chụp mũ lên chính chúng ta và giao tiếp với chúng ta dưới góc nhìn đó. Con người phức tạp hơn chúng ta tưởng. Không có ai tốt 100% và không có ai xấu 100%. Luôn có hạt giống tốt và xấu ở trong cùng một con người. Vậy nhưng mạng xã hội hiện tại đang cố gắng tách biệt điều đó ra và cố gắng tạo lên một hình mẫu lý tưởng không có thật của người bạn muốn yêu. Để rồi bơm thổi tô vẽ nó hằng ngày hằng giờ.\r\nCái ảo tưởng của chúng ta về một hình mẫu không có thật ngày càng lớn. Khi nó đủ lớn thì nó ảnh hưởng trực tiếp tới đời sống thật của ta. Với những kẻ chưa có người yêu, ảo tưởng này ngăn trở họ tìm được tình yêu vì mẫu người kia không có thật. Ta không bao giờ có thể tìm được người không có thật. Với những kẻ đã có người yêu, ảo tưởng này làm tình yêu của họ trở lên trục trặc bởi vì ta có xu hướng uốn nắn người ta yêu thành một kẻ không có thật. Hoặc là cố gắng tìm kiếm ảo tưởng này ở những người khác trong khi đang có người yêu ( ngoại tình).\r\nimg_1\r\nTừ đó, một toxic love hiện đại đã thành hình một cách tinh vi và bạn chẳng hề nhận ra. \r\nToxic love hiện đại là hệ quả của sự phát triển quá nhanh quá mạnh của mạng xã hội. Sự nhiễu loạn thông tin, sự thao túng, cưỡng bức thông tin của một bộ phận những người tự xưng là Content Creator, của những tập đoàn truyền thông lớn. Trong đó có sự ảnh hưởng của cả chủ nghĩa tiêu dùng và chủ nghĩa hoàn hảo. \r\nỞ trong chủ nghĩa tiêu dùng, người ta mặc kệ bạn có nhu cầu là gì, người ta sẽ tạo ra nhu cầu cho bạn. Bằng chứng là nhìn lại giỏ hàng Shopee của bạn đi, có rất nhiều thứ bạn chưa từng nghĩ là mk cần cho đến khi thấy nó. Họ sẽ banh não bạn ra và nhét vào một tỷ thứ nội dung họ cho là bạn cần, chứ không phải thứ bạn thực sự cần. Bạn sẽ có ảo tưởng rằng cứ mua hết những thứ này là bạn sẽ có hạnh phúc. Nhưng không bao giờ là đủ. Những nhà kinh tế học luôn biết cách làm mới sản phẩm bằng một cái tên hoặc một cái kiểu dáng mỹ miều. Bạn có đang nghĩ về con Iphone 15 khi nó vừa ra mắt trong khi bạn đang dùng con Iphone 13 vẫn còn dùng rất mượt mà.\r\nHọ gắn cho Iphone 15 những cái tình năng thừa thãi ngoài nhu cầu của bạn nhưng lại muốn bán nó bằng cách tạo ra nhu cầu. Có những trend oái oăm như là chứng minh tình yêu bằng cách tặng Iphone 15. Ủa vậy không tặng Iphone 15 là không có tình yêu hay sao.\r\nBạn sẽ chẳng bao giờ có được hạnh phúc nếu cứ chạy theo thị hiếu. Vì thị hiếu luôn thay đổi. Lòng tham của bạn cũng sẽ lớn dần lên theo thời gian đến mức bạn nhìn lại chẳng biết bản thân mình thực sự muốn gì cần gì. Cứ nghĩ nếu một ngày căn nhà bạn bị cháy hết, mọi thứ tài sản của bạn bị tiêu hủy hết thì bạn còn lại gì. Chỉ còn lại mình ta với một sự cô đơn không có hạnh phúc. Vì hạnh phúc của bạn đang bị gán cho cái máy Macbook, cái Iphone 15, cái bàn decor Ikea tối giản, cái tủ lạnh Samsung 2 cánh, cái máy giặt Panasonic tự động êm ru, cái máy lọc không khí Xiaomi, con rô bốt quét nhà, … rất nhiều thứ vật chất quay quanh bạn. Và bạn lại đang ngụy biện rằng là vật chất quyết định ý thức. Không phải vật chất quyết định ý thức mà là mạng xã hội quyết định ý thức của bạn, để bạn mua những vật chất đó. Bạn là thóc mà cứ nghĩ mình là gà. Chỉ khi cháy nhà thì bạn mới biết điều gì mới thực sự quan trọng với bạn, điều gì là phù phiếm không quan trọng. Trong tình yêu cũng vậy thôi, những thứ xuất hiện trên mạng chỉ là những thứ thị hiếu dán mác tình yêu họ muốn thể hiện cho bạn xem. Những thứ đó vào lúc cần thiết nhất thì lại chẳng quan trọng chút nào. Không có nó bạn vẫn yêu bình thường.', 3, '2023-10-02', 'ngocdungahehe', b'1'),
	(5, 'Sự toxic trong cách truyền thông văn hóa đọc và hệ quả của nó', 'Những cách truyền thông này không phản ánh toàn bộ bức tranh và bản chất việc đọc. Ai cũng có thể trở thành người đọc thông minh nếu biết cách, sẽ phát triển phong cách đọc phù hợp, mà không bị dựa vào hình mẫu "mê đọc sách" truyền thông dựng nên.', '/DoAnTTCN/admin/uploads/83d.jpg', 'Điều thú vị nhất trong 3 năm vận hành kênh bookstagram @manh.di.viet.thue chính là quan điểm của mình về việc đọc luôn bị thách thức. Đó là hành trình thay đổi định kiến của bản thân, kiên định với quan điểm cá nhân trước làn sóng truyền thông văn hóa đọc, và phát triển suy nghĩ riêng về việc đọc. \r\nBài viết không chỉ trích cách truyền thông văn hóa đọc ở Việt Nam, mà phân tích một số trường hợp dưới góc độ content marketing, để thấy những cách truyền thông này không phản ánh toàn bộ bức tranh của việc đọc, cũng như bản chất của đọc sách. Ai cũng có thể trở thành người đọc thông minh nếu biết cách, sẽ yêu thích và tận hưởng lợi ích từ việc đọc. Cuối cùng, cậu có thể phát triển phong cách đọc phù hợp, mà không dựa vào những hình mẫu "mê đọc sách" mà truyền thông dựng nên. \r\nimg_0\r\nTrước khi vào bài viết, mình có một câu hỏi. Các cậu biết bao nhiêu sự kiện trong số những sự kiện được liệt kê dưới đây?\r\n- Trào lưu sách self-help du nhập vào Việt Nam, nổi bật nhất là Đắc Nhân Tâm, Tony Buổi Sáng, Trên đường băng...\r\n- Trào lưu văn học mạng và tiểu thuyết ngôn tình Trung Quốc du nhập vào Việt Nam\r\n- Dòng tiểu thuyết trộm mộ của Trung Quốc du nhập vào Việt Nam\r\n- Tủ sách Trung Nguyên Legend với sách "Quốc gia Khởi nghiệp" và "Khuyến học" \r\n- First News - Trí Việt và bộ sách "Hạt giống tâm hồn" \r\nCó lẽ thế hệ 8x, 9x sẽ quen thuộc hơn với những sự kiện trên và những chiến dịch truyền thông liên quan. Ở thời điểm đó, cứ mở ti vi lên là  thấy thông tin về sách và văn hóa đọc. Những chiến dịch truyền thông đó đã ảnh hưởng tới cách nhìn nhận của mình về vấn đề đọc sách ở thời điểm hiện tại (mình tin là các cậu cũng vậy,). Cái tốt cũng có và cái không ổn cũng nhiều. Bài viết này sẽ đề cập tới 3 điều lớn nhất:   \r\n1. Tập trung quá nhiều vào danh tiếng của một cuốn sách, thay vì nhu cầu người đọc\r\nCó lẽ cậu đã từng đọc một vài bài viết như thế này trên mạng:\r\n"X cuốn sách tỷ phú Bill Gates khuyên đọc"\r\n"Top X cuốn sách best seller hay nhất mọi thời đại nên đọc 1 lần"\r\n"X cuốn sách đạt giải Nobel/Pulizer/xxx nhất định phải đọc" \r\nChà, nếu cậu cảm nhận được cái hay của những cuốn sách như vậy, thì chúc mừng. Nhưng, nếu cậu cảm thấy "sai sai" khi đọc chúng, cậu sẽ làm gì? Tự buộc tội bản thân vì không đủ khả năng để hiểu? Hay thở dài và nghĩ rằng "đọc sách không hợp với mình"?\r\nCòn quá sớm để kết luận như vậy.\r\nBest seller, Nobel, hay tận dụng tên tuổi của người nổi tiếng... là những danh xưng có ích cho nhà xuất bản, nhà phát hành sách, tác giả... hơn là người đọc. Đối với mình, từ góc độ của content marketing mà nói, những title trên thể hiện sự thiếu hiểu biết về độc giả, bởi chúng không đề cập lý do đọc sách, và càng không có lợi ích đi kèm khi đọc. Nói cách khác, chúng mắc phải sai lầm cơ bản trong tư duy làm content marketing - thay vì nói về thứ khách hàng cần, lại đi nói về thứ mình có. \r\nimg_1\r\nĐịnh hướng sai về định nghĩa "sách hay\r\nCách truyền thông này tạo ra cái hiểu rất sai về định nghĩa một cuốn sách hay. Đồng thời, định hướng người đọc chọn sách sai cách. Thay vì chọn sách theo mục đích họ muốn, họ chọn sách theo danh hiệu. \r\nĐọc sách là phạm trù cá nhân, một cuốn sách đủ hay, đủ tốt sẽ rất khác nhau phụ thuộc vào trình độ đọc, nhu cầu đọc, thời điểm đọc của mỗi người. Và nếu người đọc có một nhu cầu rõ ràng, thì sách hay chưa chắc là best seller, Nobel Văn học hay được người nổi tiếng khuyên đọc. \r\nVậy cần truyền thông như thế nào? \r\nGiữa năm 2023, để mở rộng hệ sinh thái của Manh Đi Viết Thuê, mình mở kênh TikTok. Trong quá trình tìm hiểu nền tảng, mình rất ấn tượng với cách các bạn BookToker giới thiệu sách. Các bạn làm video thể hiện rõ việc đứng từ góc nhìn của giới trẻ làm truyền thông sách. Nhìn chung, công thức sẽ như sau:\r\n1 cuốn sách nhất định phải đọc khi [...]\r\n--> Ví dụ: 1 cuốn sách nhất định phải đọc khi thất tình.\r\nLà fan của [...], thì đọc gì?\r\n--> Ví dụ: Là fan của trinh thám, bạn nhất định phải đọc "Bạch dạ hành"\r\nGợi ý sách giúp bạn [...]\r\n--> Ví dụ: Gợi ý sách giúp bạn chữa lành tinh thần. ', 3, '2023-10-02', 'ngocdungahehe', b'1'),
	(34, 'ádasd', 'adasdasd', '/DoAnTTCN/admin/uploads/83d.jpg', '', 1, '2023-10-07', 'admin', b'1'),
	(35, 'đâsd', 'ádasda', '/DoAnTTCN/admin/uploads/83d.jpg', '<p>đâsd</p>', 1, '2023-10-07', 'admin', b'1'),
	(36, 'dep trai qua', 'đâsd', '/DoAnTTCN/admin/uploads/83d.jpg', '', 1, '2023-10-07', 'admin', b'0'),
	(45, 'đasad', 'đâsd', '/DoAnTTCN/admin/uploads/83d.jpg', '<p>ádasdad</p>', 1, '2023-10-07', 'deptraiqua', b'1'),
	(48, 'Ngọc dũng test bài thử', 'Bài post thử', '/DoAnTTCN/admin/uploads/83d.jpg', '<p>115jhhjv jh</p>', 8, '2023-10-09', 'ngocdungahehe', b'0');

-- Dumping structure for table porum.tbl_user
CREATE TABLE IF NOT EXISTS `tbl_user` (
  `username` varchar(50) NOT NULL DEFAULT '',
  `password` varchar(500) DEFAULT NULL,
  `fullname` varchar(500) DEFAULT NULL,
  `phone` char(10) DEFAULT NULL,
  `email` char(100) DEFAULT NULL,
  `isadmin` bit(1) DEFAULT NULL,
  `avatar` varchar(500) DEFAULT NULL,
  `createddate` date DEFAULT NULL,
  `coverimg` varchar(500) DEFAULT NULL,
  `description` text CHARACTER SET utf8mb4 COLLATE utf8mb4_0900_ai_ci,
  `sex` int DEFAULT NULL,
  `cccd` varchar(50) DEFAULT NULL,
  `address` varchar(500) DEFAULT NULL,
  PRIMARY KEY (`username`)
) ENGINE=InnoDB DEFAULT CHARSET=utf8mb4 COLLATE=utf8mb4_0900_ai_ci;

-- Dumping data for table porum.tbl_user: ~9 rows (approximately)
INSERT INTO `tbl_user` (`username`, `password`, `fullname`, `phone`, `email`, `isadmin`, `avatar`, `createddate`, `coverimg`, `description`, `sex`, `cccd`, `address`) VALUES
	('admin', 'c4ca4238a0b923820dcc509a6f75849b', 'Quản Trị Viên', NULL, NULL, b'1', '/DoAnTTCN/admin/uploads/63d.jpg', '2023-04-07', 'https://images.spiderum.com/sp-thumbnails/af03cbd0674511ee97ec155b2af6dc03.png', NULL, NULL, NULL, NULL),
	('dadasdf', 'c4ca4238a0b923820dcc509a6f75849b', 'tan ko tam', '0368225831', 'asdasd', b'0', '/DoAnTTCN/admin/uploads/41z4008982778871_7e7579ef9c4a9d970a77b76c95c1fe33.jpg', '2023-10-07', 'https://images.spiderum.com/sp-thumbnails/af03cbd0674511ee97ec155b2af6dc03.png', NULL, NULL, NULL, NULL),
	('deptraiqua', 'c4ca4238a0b923820dcc509a6f75849b', 'duc dat vs tran duc 111', '0368225831', 'ngocdung2002d@gmail.com', b'0', '/DoAnTTCN/admin/uploads/1z4008982778871_7e7579ef9c4a9d970a77b76c95c1fe33.jpg', '2023-10-07', 'https://images.spiderum.com/sp-thumbnails/af03cbd0674511ee97ec155b2af6dc03.png', NULL, NULL, NULL, NULL),
	('ngocdungahehe', '482c29cdf49f4b3a775ac425af17e45a', 'Lê Hoài Tú', '0368225831', 'ngocdung@gmail.com', b'0', '/DoAnTTCN/admin/uploads/48Outfit của Alistar Đại Đế.png', '2023-10-07', 'https://images.spiderum.com/sp-thumbnails/af03cbd0674511ee97ec155b2af6dc03.png', NULL, NULL, NULL, NULL),
	('ngocdungahehe1', '482c29cdf49f4b3a775ac425af17e45a', 'Đặng Đẹp Trai', '0368225831', 'ngocdung@gmail.com', b'0', '/DoAnTTCN/admin/uploads/63d.jpg', '2020-10-07', 'https://images.spiderum.com/sp-thumbnails/af03cbd0674511ee97ec155b2af6dc03.png', NULL, NULL, NULL, NULL),
	('ppppp', 'c20ad4d76fe97759aa27a0c99bff6710', 'Ngọc Dũng', '0368225831', 'ngocdung2002d@gmail.com', b'0', '/DoAnTTCN/admin/uploads/63d.jpg', '2023-10-07', 'https://images.spiderum.com/sp-thumbnails/af03cbd0674511ee97ec155b2af6dc03.png', NULL, NULL, NULL, NULL),
	('qqqqqqqqq', 'c20ad4d76fe97759aa27a0c99bff6710', 'Ngọc Dũng', '0368225831', 'ngocdung2002d@gmail.com', b'0', '/DoAnTTCN/admin/uploads/63d.jpg', '2023-10-07', 'https://images.spiderum.com/sp-thumbnails/af03cbd0674511ee97ec155b2af6dc03.png', NULL, NULL, NULL, NULL),
	('vippor123', 'c4ca4238a0b923820dcc509a6f75849b', 'Ngọc Dũng', '0368225831', 'ngocdung2002d@gmail.com', b'0', '/DoAnTTCN/admin/uploads/63d.jpg', '2023-10-07', 'https://images.spiderum.com/sp-thumbnails/af03cbd0674511ee97ec155b2af6dc03.png', NULL, NULL, NULL, NULL),
	('vvvvv', 'c20ad4d76fe97759aa27a0c99bff6710', 'Ngọc Dũng', '0368225831', 'ngocdung2002d@gmail.com', b'0', '/DoAnTTCN/admin/uploads/63d.jpg', '2023-10-07', 'https://images.spiderum.com/sp-thumbnails/af03cbd0674511ee97ec155b2af6dc03.png', NULL, NULL, NULL, NULL);

-- Dumping structure for view porum.view_comment_full
-- Creating temporary table to overcome VIEW dependency errors
CREATE TABLE `view_comment_full` (
	`commentid` INT(10) NOT NULL,
	`username` VARCHAR(50) NULL COLLATE 'utf8mb4_0900_ai_ci',
	`postid` INT(10) NULL,
	`commenttext` TEXT NULL COLLATE 'utf8mb4_0900_ai_ci',
	`createddate` DATETIME NULL,
	`fullname` VARCHAR(500) NULL COLLATE 'utf8mb4_0900_ai_ci',
	`avatar` VARCHAR(500) NULL COLLATE 'utf8mb4_0900_ai_ci'
) ENGINE=MyISAM;

-- Dumping structure for view porum.view_post_full
-- Creating temporary table to overcome VIEW dependency errors
CREATE TABLE `view_post_full` (
	`postid` INT(10) NOT NULL,
	`title` VARCHAR(500) NULL COLLATE 'utf8mb4_0900_ai_ci',
	`asbtract` VARCHAR(500) NULL COLLATE 'utf8mb4_0900_ai_ci',
	`content` TEXT NULL COLLATE 'utf8mb4_0900_ai_ci',
	`categoryid` INT(10) NULL,
	`categoryname` VARCHAR(500) NULL COLLATE 'utf8mb4_0900_ai_ci',
	`createddate` DATE NULL,
	`username` VARCHAR(50) NULL COLLATE 'utf8mb4_0900_ai_ci',
	`fullname` VARCHAR(500) NULL COLLATE 'utf8mb4_0900_ai_ci',
	`phone` CHAR(10) NULL COLLATE 'utf8mb4_0900_ai_ci',
	`email` CHAR(100) NULL COLLATE 'utf8mb4_0900_ai_ci',
	`thumnail` VARCHAR(500) NULL COLLATE 'utf8mb4_0900_ai_ci',
	`avatar` VARCHAR(500) NULL COLLATE 'utf8mb4_0900_ai_ci',
	`duyet` BIT(1) NULL
) ENGINE=MyISAM;

-- Dumping structure for view porum.view_comment_full
-- Removing temporary table and create final VIEW structure
DROP TABLE IF EXISTS `view_comment_full`;
CREATE ALGORITHM=UNDEFINED SQL SECURITY DEFINER VIEW `view_comment_full` AS select `cmt`.`commentid` AS `commentid`,`cmt`.`username` AS `username`,`cmt`.`postid` AS `postid`,`cmt`.`commenttext` AS `commenttext`,`cmt`.`createddate` AS `createddate`,`us`.`fullname` AS `fullname`,`us`.`avatar` AS `avatar` from (`tbl_comment` `cmt` join `tbl_user` `us` on((`cmt`.`username` = `us`.`username`)));

-- Dumping structure for view porum.view_post_full
-- Removing temporary table and create final VIEW structure
DROP TABLE IF EXISTS `view_post_full`;
CREATE ALGORITHM=UNDEFINED SQL SECURITY DEFINER VIEW `view_post_full` AS select `p`.`postid` AS `postid`,`p`.`title` AS `title`,`p`.`asbtract` AS `asbtract`,`p`.`content` AS `content`,`p`.`categoryid` AS `categoryid`,`cate`.`categoryname` AS `categoryname`,`p`.`createddate` AS `createddate`,`p`.`username` AS `username`,`us`.`fullname` AS `fullname`,`us`.`phone` AS `phone`,`us`.`email` AS `email`,`p`.`thumnail` AS `thumnail`,`us`.`avatar` AS `avatar`,`p`.`duyet` AS `duyet` from ((`tbl_post` `p` left join `tbl_category` `cate` on((`p`.`categoryid` = `cate`.`categoryid`))) left join `tbl_user` `us` on((`p`.`username` = `us`.`username`)));

/*!40103 SET TIME_ZONE=IFNULL(@OLD_TIME_ZONE, 'system') */;
/*!40101 SET SQL_MODE=IFNULL(@OLD_SQL_MODE, '') */;
/*!40014 SET FOREIGN_KEY_CHECKS=IFNULL(@OLD_FOREIGN_KEY_CHECKS, 1) */;
/*!40101 SET CHARACTER_SET_CLIENT=@OLD_CHARACTER_SET_CLIENT */;
/*!40111 SET SQL_NOTES=IFNULL(@OLD_SQL_NOTES, 1) */;
